{
  "parent": "minecraft:item/generated",
  "overrides": [
    {
      "model": "guichess:item/gray_dye_white_king",
      "predicate": {
        "minecraft:custom_model_data": 1000.0
      }
    },
    {
      "model": "guichess:item/gray_dye_white_queen",
      "predicate": {
        "minecraft:custom_model_data": 1001.0
      }
    },
    {
      "model": "guichess:item/gray_dye_white_rook",
      "predicate": {
        "minecraft:custom_model_data": 1002.0
      }
    },
    {
      "model": "guichess:item/gray_dye_white_bishop",
      "predicate": {
        "minecraft:custom_model_data": 1003.0
      }
    },
    {
      "model": "guichess:item/gray_dye_white_knight",
      "predicate": {
        "minecraft:custom_model_data": 1004.0
      }
    },
    {
      "model": "guichess:item/gray_dye_white_pawn",
      "predicate": {
        "minecraft:custom_model_data": 1005.0
      }
    },
    {
      "model": "guichess:item/gray_dye_black_king",
      "predicate": {
        "minecraft:custom_model_data": 1010.0
      }
    },
    {
      "model": "guichess:item/gray_dye_black_queen",
      "predicate": {
        "minecraft:custom_model_data": 1011.0
      }
    },
    {
      "model": "guichess:item/gray_dye_black_rook",
      "predicate": {
        "minecraft:custom_model_data": 1012.0
      }
    },
    {
      "model": "guichess:item/gray_dye_black_bishop",
      "predicate": {
        "minecraft:custom_model_data": 1013.0
      }
    },
    {
      "model": "guichess:item/gray_dye_black_knight",
      "predicate": {
        "minecraft:custom_model_data": 1014.0
      }
    },
    {
      "model": "guichess:item/gray_dye_black_pawn",
      "predicate": {
        "minecraft:custom_model_data": 1015.0
      }
    },
    {
      "model": "guichess:item/gray_dye_white_king_light",
      "predicate": {
        "minecraft:custom_model_data": 500.0
      }
    },
    {
      "model": "guichess:item/gray_dye_white_king_dark",
      "predicate": {
        "minecraft:custom_model_data": 501.0
      }
    },
    {
      "model": "guichess:item/gray_dye_white_king_selected_light",
      "predicate": {
        "minecraft:custom_model_data": 502.0
      }
    },
    {
      "model": "guichess:item/gray_dye_white_king_selected_dark",
      "predicate": {
        "minecraft:custom_model_data": 503.0
      }
    },
    {
      "model": "guichess:item/gray_dye_white_king_capture_light",
      "predicate": {
        "minecraft:custom_model_data": 504.0
      }
    },
    {
      "model": "guichess:item/gray_dye_white_king_capture_dark",
      "predicate": {
        "minecraft:custom_model_data": 505.0
      }
    },
    {
      "model": "guichess:item/gray_dye_white_king_lastmove_light",
      "predicate": {
        "minecraft:custom_model_data": 506.0
      }
    },
    {
      "model": "guichess:item/gray_dye_white_king_lastmove_dark",
      "predicate": {
        "minecraft:custom_model_data": 507.0
      }
    },
    {
      "model": "guichess:item/gray_dye_white_king_check_light",
      "predicate": {
        "minecraft:custom_model_data": 508.0
      }
    },
    {
      "model": "guichess:item/gray_dye_white_king_check_dark",
      "predicate": {
        "minecraft:custom_model_data": 509.0
      }
    },
    {
      "model": "guichess:item/gray_dye_white_queen_light",
      "predicate": {
        "minecraft:custom_model_data": 510.0
      }
    },
    {
      "model": "guichess:item/gray_dye_white_queen_dark",
      "predicate": {
        "minecraft:custom_model_data": 511.0
      }
    },
    {
      "model": "guichess:item/gray_dye_white_queen_selected_light",
      "predicate": {
        "minecraft:custom_model_data": 512.0
      }
    },
    {
      "model": "guichess:item/gray_dye_white_queen_selected_dark",
      "predicate": {
        "minecraft:custom_model_data": 513.0
      }
    },
    {
      "model": "guichess:item/gray_dye_white_queen_capture_light",
      "predicate": {
        "minecraft:custom_model_data": 514.0
      }
    },
    {
      "model": "guichess:item/gray_dye_white_queen_capture_dark",
      "predicate": {
        "minecraft:custom_model_data": 515.0
      }
    },
    {
      "model": "guichess:item/gray_dye_white_queen_lastmove_light",
      "predicate": {
        "minecraft:custom_model_data": 516.0
      }
    },
    {
      "model": "guichess:item/gray_dye_white_queen_lastmove_dark",
      "predicate": {
        "minecraft:custom_model_data": 517.0
      }
    },
    {
      "model": "guichess:item/gray_dye_white_rook_light",
      "predicate": {
        "minecraft:custom_model_data": 518.0
      }
    },
    {
      "model": "guichess:item/gray_dye_white_rook_dark",
      "predicate": {
        "minecraft:custom_model_data": 519.0
      }
    },
    {
      "model": "guichess:item/gray_dye_white_rook_selected_light",
      "predicate": {
        "minecraft:custom_model_data": 520.0
      }
    },
    {
      "model": "guichess:item/gray_dye_white_rook_selected_dark",
      "predicate": {
        "minecraft:custom_model_data": 521.0
      }
    },
    {
      "model": "guichess:item/gray_dye_white_rook_capture_light",
      "predicate": {
        "minecraft:custom_model_data": 522.0
      }
    },
    {
      "model": "guichess:item/gray_dye_white_rook_capture_dark",
      "predicate": {
        "minecraft:custom_model_data": 523.0
      }
    },
    {
      "model": "guichess:item/gray_dye_white_rook_lastmove_light",
      "predicate": {
        "minecraft:custom_model_data": 524.0
      }
    },
    {
      "model": "guichess:item/gray_dye_white_rook_lastmove_dark",
      "predicate": {
        "minecraft:custom_model_data": 525.0
      }
    },
    {
      "model": "guichess:item/gray_dye_white_bishop_light",
      "predicate": {
        "minecraft:custom_model_data": 526.0
      }
    },
    {
      "model": "guichess:item/gray_dye_white_bishop_dark",
      "predicate": {
        "minecraft:custom_model_data": 527.0
      }
    },
    {
      "model": "guichess:item/gray_dye_white_bishop_selected_light",
      "predicate": {
        "minecraft:custom_model_data": 528.0
      }
    },
    {
      "model": "guichess:item/gray_dye_white_bishop_selected_dark",
      "predicate": {
        "minecraft:custom_model_data": 529.0
      }
    },
    {
      "model": "guichess:item/gray_dye_white_bishop_capture_light",
      "predicate": {
        "minecraft:custom_model_data": 530.0
      }
    },
    {
      "model": "guichess:item/gray_dye_white_bishop_capture_dark",
      "predicate": {
        "minecraft:custom_model_data": 531.0
      }
    },
    {
      "model": "guichess:item/gray_dye_white_bishop_lastmove_light",
      "predicate": {
        "minecraft:custom_model_data": 532.0
      }
    },
    {
      "model": "guichess:item/gray_dye_white_bishop_lastmove_dark",
      "predicate": {
        "minecraft:custom_model_data": 533.0
      }
    },
    {
      "model": "guichess:item/gray_dye_white_knight_light",
      "predicate": {
        "minecraft:custom_model_data": 534.0
      }
    },
    {
      "model": "guichess:item/gray_dye_white_knight_dark",
      "predicate": {
        "minecraft:custom_model_data": 535.0
      }
    },
    {
      "model": "guichess:item/gray_dye_white_knight_selected_light",
      "predicate": {
        "minecraft:custom_model_data": 536.0
      }
    },
    {
      "model": "guichess:item/gray_dye_white_knight_selected_dark",
      "predicate": {
        "minecraft:custom_model_data": 537.0
      }
    },
    {
      "model": "guichess:item/gray_dye_white_knight_capture_light",
      "predicate": {
        "minecraft:custom_model_data": 538.0
      }
    },
    {
      "model": "guichess:item/gray_dye_white_knight_capture_dark",
      "predicate": {
        "minecraft:custom_model_data": 539.0
      }
    },
    {
      "model": "guichess:item/gray_dye_white_knight_lastmove_light",
      "predicate": {
        "minecraft:custom_model_data": 540.0
      }
    },
    {
      "model": "guichess:item/gray_dye_white_knight_lastmove_dark",
      "predicate": {
        "minecraft:custom_model_data": 541.0
      }
    },
    {
      "model": "guichess:item/gray_dye_white_pawn_light",
      "predicate": {
        "minecraft:custom_model_data": 542.0
      }
    },
    {
      "model": "guichess:item/gray_dye_white_pawn_dark",
      "predicate": {
        "minecraft:custom_model_data": 543.0
      }
    },
    {
      "model": "guichess:item/gray_dye_white_pawn_selected_light",
      "predicate": {
        "minecraft:custom_model_data": 544.0
      }
    },
    {
      "model": "guichess:item/gray_dye_white_pawn_selected_dark",
      "predicate": {
        "minecraft:custom_model_data": 545.0
      }
    },
    {
      "model": "guichess:item/gray_dye_white_pawn_capture_light",
      "predicate": {
        "minecraft:custom_model_data": 546.0
      }
    },
    {
      "model": "guichess:item/gray_dye_white_pawn_capture_dark",
      "predicate": {
        "minecraft:custom_model_data": 547.0
      }
    },
    {
      "model": "guichess:item/gray_dye_white_pawn_lastmove_light",
      "predicate": {
        "minecraft:custom_model_data": 548.0
      }
    },
    {
      "model": "guichess:item/gray_dye_white_pawn_lastmove_dark",
      "predicate": {
        "minecraft:custom_model_data": 549.0
      }
    },
    {
      "model": "guichess:item/gray_dye_black_king_light",
      "predicate": {
        "minecraft:custom_model_data": 550.0
      }
    },
    {
      "model": "guichess:item/gray_dye_black_king_dark",
      "predicate": {
        "minecraft:custom_model_data": 551.0
      }
    },
    {
      "model": "guichess:item/gray_dye_black_king_selected_light",
      "predicate": {
        "minecraft:custom_model_data": 552.0
      }
    },
    {
      "model": "guichess:item/gray_dye_black_king_selected_dark",
      "predicate": {
        "minecraft:custom_model_data": 553.0
      }
    },
    {
      "model": "guichess:item/gray_dye_black_king_capture_light",
      "predicate": {
        "minecraft:custom_model_data": 554.0
      }
    },
    {
      "model": "guichess:item/gray_dye_black_king_capture_dark",
      "predicate": {
        "minecraft:custom_model_data": 555.0
      }
    },
    {
      "model": "guichess:item/gray_dye_black_king_lastmove_light",
      "predicate": {
        "minecraft:custom_model_data": 556.0
      }
    },
    {
      "model": "guichess:item/gray_dye_black_king_lastmove_dark",
      "predicate": {
        "minecraft:custom_model_data": 557.0
      }
    },
    {
      "model": "guichess:item/gray_dye_black_king_check_light",
      "predicate": {
        "minecraft:custom_model_data": 558.0
      }
    },
    {
      "model": "guichess:item/gray_dye_black_king_check_dark",
      "predicate": {
        "minecraft:custom_model_data": 559.0
      }
    },
    {
      "model": "guichess:item/gray_dye_black_queen_light",
      "predicate": {
        "minecraft:custom_model_data": 560.0
      }
    },
    {
      "model": "guichess:item/gray_dye_black_queen_dark",
      "predicate": {
        "minecraft:custom_model_data": 561.0
      }
    },
    {
      "model": "guichess:item/gray_dye_black_queen_selected_light",
      "predicate": {
        "minecraft:custom_model_data": 562.0
      }
    },
    {
      "model": "guichess:item/gray_dye_black_queen_selected_dark",
      "predicate": {
        "minecraft:custom_model_data": 563.0
      }
    },
    {
      "model": "guichess:item/gray_dye_black_queen_capture_light",
      "predicate": {
        "minecraft:custom_model_data": 564.0
      }
    },
    {
      "model": "guichess:item/gray_dye_black_queen_capture_dark",
      "predicate": {
        "minecraft:custom_model_data": 565.0
      }
    },
    {
      "model": "guichess:item/gray_dye_black_queen_lastmove_light",
      "predicate": {
        "minecraft:custom_model_data": 566.0
      }
    },
    {
      "model": "guichess:item/gray_dye_black_queen_lastmove_dark",
      "predicate": {
        "minecraft:custom_model_data": 567.0
      }
    },
    {
      "model": "guichess:item/gray_dye_black_rook_light",
      "predicate": {
        "minecraft:custom_model_data": 568.0
      }
    },
    {
      "model": "guichess:item/gray_dye_black_rook_dark",
      "predicate": {
        "minecraft:custom_model_data": 569.0
      }
    },
    {
      "model": "guichess:item/gray_dye_black_rook_selected_light",
      "predicate": {
        "minecraft:custom_model_data": 570.0
      }
    },
    {
      "model": "guichess:item/gray_dye_black_rook_selected_dark",
      "predicate": {
        "minecraft:custom_model_data": 571.0
      }
    },
    {
      "model": "guichess:item/gray_dye_black_rook_capture_light",
      "predicate": {
        "minecraft:custom_model_data": 572.0
      }
    },
    {
      "model": "guichess:item/gray_dye_black_rook_capture_dark",
      "predicate": {
        "minecraft:custom_model_data": 573.0
      }
    },
    {
      "model": "guichess:item/gray_dye_black_rook_lastmove_light",
      "predicate": {
        "minecraft:custom_model_data": 574.0
      }
    },
    {
      "model": "guichess:item/gray_dye_black_rook_lastmove_dark",
      "predicate": {
        "minecraft:custom_model_data": 575.0
      }
    },
    {
      "model": "guichess:item/gray_dye_black_bishop_light",
      "predicate": {
        "minecraft:custom_model_data": 576.0
      }
    },
    {
      "model": "guichess:item/gray_dye_black_bishop_dark",
      "predicate": {
        "minecraft:custom_model_data": 577.0
      }
    },
    {
      "model": "guichess:item/gray_dye_black_bishop_selected_light",
      "predicate": {
        "minecraft:custom_model_data": 578.0
      }
    },
    {
      "model": "guichess:item/gray_dye_black_bishop_selected_dark",
      "predicate": {
        "minecraft:custom_model_data": 579.0
      }
    },
    {
      "model": "guichess:item/gray_dye_black_bishop_capture_light",
      "predicate": {
        "minecraft:custom_model_data": 580.0
      }
    },
    {
      "model": "guichess:item/gray_dye_black_bishop_capture_dark",
      "predicate": {
        "minecraft:custom_model_data": 581.0
      }
    },
    {
      "model": "guichess:item/gray_dye_black_bishop_lastmove_light",
      "predicate": {
        "minecraft:custom_model_data": 582.0
      }
    },
    {
      "model": "guichess:item/gray_dye_black_bishop_lastmove_dark",
      "predicate": {
        "minecraft:custom_model_data": 583.0
      }
    },
    {
      "model": "guichess:item/gray_dye_black_knight_light",
      "predicate": {
        "minecraft:custom_model_data": 584.0
      }
    },
    {
      "model": "guichess:item/gray_dye_black_knight_dark",
      "predicate": {
        "minecraft:custom_model_data": 585.0
      }
    },
    {
      "model": "guichess:item/gray_dye_black_knight_selected_light",
      "predicate": {
        "minecraft:custom_model_data": 586.0
      }
    },
    {
      "model": "guichess:item/gray_dye_black_knight_selected_dark",
      "predicate": {
        "minecraft:custom_model_data": 587.0
      }
    },
    {
      "model": "guichess:item/gray_dye_black_knight_capture_light",
      "predicate": {
        "minecraft:custom_model_data": 588.0
      }
    },
    {
      "model": "guichess:item/gray_dye_black_knight_capture_dark",
      "predicate": {
        "minecraft:custom_model_data": 589.0
      }
    },
    {
      "model": "guichess:item/gray_dye_black_knight_lastmove_light",
      "predicate": {
        "minecraft:custom_model_data": 590.0
      }
    },
    {
      "model": "guichess:item/gray_dye_black_knight_lastmove_dark",
      "predicate": {
        "minecraft:custom_model_data": 591.0
      }
    },
    {
      "model": "guichess:item/gray_dye_black_pawn_light",
      "predicate": {
        "minecraft:custom_model_data": 592.0
      }
    },
    {
      "model": "guichess:item/gray_dye_black_pawn_dark",
      "predicate": {
        "minecraft:custom_model_data": 593.0
      }
    },
    {
      "model": "guichess:item/gray_dye_black_pawn_selected_light",
      "predicate": {
        "minecraft:custom_model_data": 594.0
      }
    },
    {
      "model": "guichess:item/gray_dye_black_pawn_selected_dark",
      "predicate": {
        "minecraft:custom_model_data": 595.0
      }
    },
    {
      "model": "guichess:item/gray_dye_black_pawn_capture_light",
      "predicate": {
        "minecraft:custom_model_data": 596.0
      }
    },
    {
      "model": "guichess:item/gray_dye_black_pawn_capture_dark",
      "predicate": {
        "minecraft:custom_model_data": 597.0
      }
    },
    {
      "model": "guichess:item/gray_dye_black_pawn_lastmove_light",
      "predicate": {
        "minecraft:custom_model_data": 598.0
      }
    },
    {
      "model": "guichess:item/gray_dye_black_pawn_lastmove_dark",
      "predicate": {
        "minecraft:custom_model_data": 599.0
      }
    },
    {
      "model": "guichess:item/gray_dye_light_square",
      "predicate": {
        "minecraft:custom_model_data": 1020.0
      }
    },
    {
      "model": "guichess:item/gray_dye_dark_square",
      "predicate": {
        "minecraft:custom_model_data": 1021.0
      }
    },
    {
      "model": "guichess:item/gray_dye_selected_square",
      "predicate": {
        "minecraft:custom_model_data": 1022.0
      }
    },
    {
      "model": "guichess:item/gray_dye_last_move_from",
      "predicate": {
        "minecraft:custom_model_data": 1024.0
      }
    },
    {
      "model": "guichess:item/gray_dye_last_move_to",
      "predicate": {
        "minecraft:custom_model_data": 1025.0
      }
    },
    {
      "model": "guichess:item/gray_dye_check_square",
      "predicate": {
        "minecraft:custom_model_data": 1026.0
      }
    },
    {
      "model": "guichess:item/gray_dye_capture_move",
      "predicate": {
        "minecraft:custom_model_data": 1027.0
      }
    },
    {
      "model": "guichess:item/gray_dye_valid_light_square",
      "predicate": {
        "minecraft:custom_model_data": 1028.0
      }
    },
    {
      "model": "guichess:item/gray_dye_valid_dark_square",
      "predicate": {
        "minecraft:custom_model_data": 1029.0
      }
    },
    {
      "model": "guichess:item/gray_dye_timer_white",
      "predicate": {
        "minecraft:custom_model_data": 1030.0
      }
    },
    {
      "model": "guichess:item/gray_dye_timer_black",
      "predicate": {
        "minecraft:custom_model_data": 1031.0
      }
    },
    {
      "model": "guichess:item/gray_dye_turn_white",
      "predicate": {
        "minecraft:custom_model_data": 1032.0
      }
    },
    {
      "model": "guichess:item/gray_dye_turn_black",
      "predicate": {
        "minecraft:custom_model_data": 1033.0
      }
    },
    {
      "model": "guichess:item/gray_dye_resign",
      "predicate": {
        "minecraft:custom_model_data": 1040.0
      }
    },
    {
      "model": "guichess:item/gray_dye_draw_offer",
      "predicate": {
        "minecraft:custom_model_data": 1041.0
      }
    },
    {
      "model": "guichess:item/gray_dye_draw_accept",
      "predicate": {
        "minecraft:custom_model_data": 1042.0
      }
    },
    {
      "model": "guichess:item/gray_dye_draw_decline",
      "predicate": {
        "minecraft:custom_model_data": 1043.0
      }
    },
    {
      "model": "guichess:item/gray_dye_settings",
      "predicate": {
        "minecraft:custom_model_data": 1050.0
      }
    },
    {
      "model": "guichess:item/gray_dye_exit",
      "predicate": {
        "minecraft:custom_model_data": 1051.0
      }
    },
    {
      "model": "guichess:item/gray_dye_spectate",
      "predicate": {
        "minecraft:custom_model_data": 1052.0
      }
    },
    {
      "model": "guichess:item/gray_dye_undo",
      "predicate": {
        "minecraft:custom_model_data": 1060.0
      }
    },
    {
      "model": "guichess:item/gray_dye_redo",
      "predicate": {
        "minecraft:custom_model_data": 1061.0
      }
    },
    {
      "model": "guichess:item/gray_dye_analyze",
      "predicate": {
        "minecraft:custom_model_data": 1062.0
      }
    },
    {
      "model": "guichess:item/gray_dye_hint",
      "predicate": {
        "minecraft:custom_model_data": 1063.0
      }
    },
    {
      "model": "guichess:item/gray_dye_challenge",
      "predicate": {
        "minecraft:custom_model_data": 1070.0
      }
    },
    {
      "model": "guichess:item/gray_dye_accept",
      "predicate": {
        "minecraft:custom_model_data": 1071.0
      }
    },
    {
      "model": "guichess:item/gray_dye_decline",
      "predicate": {
        "minecraft:custom_model_data": 1072.0
      }
    },
    {
      "model": "guichess:item/gray_dye_leaderboard",
      "predicate": {
        "minecraft:custom_model_data": 1073.0
      }
    },
    {
      "model": "guichess:item/gray_dye_promote_queen",
      "predicate": {
        "minecraft:custom_model_data": 1080.0
      }
    },
    {
      "model": "guichess:item/gray_dye_promote_rook",
      "predicate": {
        "minecraft:custom_model_data": 1081.0
      }
    },
    {
      "model": "guichess:item/gray_dye_promote_bishop",
      "predicate": {
        "minecraft:custom_model_data": 1082.0
      }
    },
    {
      "model": "guichess:item/gray_dye_promote_knight",
      "predicate": {
        "minecraft:custom_model_data": 1083.0
      }
    }
  ],
  "textures": {
    "layer0": "minecraft:item/gray_dye"
  }
}